平台,检查项,标准答案,模型判断,正确
京东,1. 建立知识产权保护规则,满足,满足,True
京东,2. 通知须附初步证据及身份信息,满足,满足,True
京东,3. 及时采取必要措施,部分满足,满足,False
京东,4. 将通知转送经营者,满足,满足,True
京东,5. 错误/恶意通知的责任,满足,满足,True
京东,6. 经营者可提交不侵权声明,满足,满足,True
京东,7. 转送声明并告知可投诉/起诉,满足,满足,True
京东,8. 15日内无投诉/起诉则终止措施,满足,满足,True
京东,9. 公示通知、声明及处理结果,部分满足,满足,False
拼多多,1. 建立知识产权保护规则,满足,满足,True
拼多多,2. 通知须附初步证据及身份信息,部分满足,满足,False
拼多多,3. 及时采取必要措施,部分满足,满足,False
拼多多,4. 将通知转送经营者,满足,满足,True
拼多多,5. 错误/恶意通知的责任,部分满足,部分满足,True
拼多多,6. 经营者可提交不侵权声明,满足,满足,True
拼多多,7. 转送声明并告知可投诉/起诉,满足,满足,True
拼多多,8. 15日内无投诉/起诉则终止措施,部分满足,部分满足,True
拼多多,9. 公示通知、声明及处理结果,缺失,缺失,True
抖音电商,1. 建立知识产权保护规则,满足,满足,True
抖音电商,2. 通知须附初步证据及身份信息,部分满足,部分满足,True
抖音电商,3. 及时采取必要措施,满足,满足,True
抖音电商,4. 将通知转送经营者,满足,部分满足,False
抖音电商,5. 错误/恶意通知的责任,满足,部分满足,False
抖音电商,6. 经营者可提交不侵权声明,满足,部分满足,False
抖音电商,7. 转送声明并告知可投诉/起诉,满足,满足,True
抖音电商,8. 15日内无投诉/起诉则终止措施,部分满足,部分满足,True
抖音电商,9. 公示通知、声明及处理结果,满足,满足,True
小红书,1. 建立知识产权保护规则,满足,满足,True
小红书,2. 通知须附初步证据及身份信息,满足,满足,True
小红书,3. 及时采取必要措施,满足,满足,True
小红书,4. 将通知转送经营者,满足,满足,True
小红书,5. 错误/恶意通知的责任,缺失,部分满足,False
小红书,6. 经营者可提交不侵权声明,满足,满足,True
小红书,7. 转送声明并告知可投诉/起诉,满足,满足,True
小红书,8. 15日内无投诉/起诉则终止措施,满足,满足,True
小红书,9. 公示通知、声明及处理结果,缺失,缺失,True
得物,1. 建立知识产权保护规则,满足,满足,True
得物,2. 通知须附初步证据及身份信息,满足,满足,True
得物,3. 及时采取必要措施,部分满足,满足,False
得物,4. 将通知转送经营者,满足,满足,True
得物,5. 错误/恶意通知的责任,部分满足,部分满足,True
得物,6. 经营者可提交不侵权声明,部分满足,部分满足,True
得物,7. 转送声明并告知可投诉/起诉,缺失,缺失,True
得物,8. 15日内无投诉/起诉则终止措施,缺失,缺失,True
得物,9. 公示通知、声明及处理结果,缺失,缺失,True
苏宁易购,1. 建立知识产权保护规则,满足,满足,True
苏宁易购,2. 通知须附初步证据及身份信息,满足,满足,True
苏宁易购,3. 及时采取必要措施,满足,满足,True
苏宁易购,4. 将通知转送经营者,部分满足,部分满足,True
苏宁易购,5. 错误/恶意通知的责任,部分满足,部分满足,True
苏宁易购,6. 经营者可提交不侵权声明,满足,满足,True
苏宁易购,7. 转送声明并告知可投诉/起诉,满足,满足,True
苏宁易购,8. 15日内无投诉/起诉则终止措施,满足,满足,True
苏宁易购,9. 公示通知、声明及处理结果,缺失,缺失,True
美团,1. 建立知识产权保护规则,满足,满足,True
美团,2. 通知须附初步证据及身份信息,满足,满足,True
美团,3. 及时采取必要措施,部分满足,部分满足,True
美团,4. 将通知转送经营者,满足,部分满足,False
美团,5. 错误/恶意通知的责任,部分满足,部分满足,True
美团,6. 经营者可提交不侵权声明,部分满足,部分满足,True
美团,7. 转送声明并告知可投诉/起诉,部分满足,部分满足,True
美团,8. 15日内无投诉/起诉则终止措施,部分满足,部分满足,True
美团,9. 公示通知、声明及处理结果,缺失,缺失,True
